"V1","rpt.id","rpt.contents","info.tp","info.tit","occ.dtime","reg.dtime","end.dtime","start.pos.x","start.pos.y","end.pos.x","end.pos.y"
"1","01149328","서부간선도로 안양방면 (양평교 → 오목교) 차량증가로 정체,서행, 반대방면 (오목교 → 목동교) 차량증가로 정체,서행","A4","단순정보","2014-06-15","17:17","2014-06-15",126.890292,37.531127,126.890292,37.531127
"2","01149327","동부간선도로 성수대교방면 (노원교 → 녹천교) 차량증가로 정체, 반대방면 (한천교 → 창동교) 차량증가로 정체","A4","단순정보","2014-06-15","17:16","2014-06-15",127.055165,37.652209,127.055165,37.652209
"3","01149326","북부간선도로 종암분기점방면 (월릉램프 → 하월곡램프) 차량증가로 정체","A4","단순정보","2014-06-15","17:16","2014-06-15",127.068826,37.615331,127.068826,37.615331
"4","01149325","올림픽대로 공항방면 (성수대교 → 반포대교) 차량증가로 정체,서행, 반대방면 (성수대교 → 영동대교) 차량증가로 서행","A4","단순정보","2014-06-15","17:15","2014-06-15",127.015943,37.524102,127.015943,37.524102
"5","01149324","강변북로 (일산 → 구리) 성산대교 조금 못 간 지점에 있었던 승용차끼리 추돌사고 처리작업 완료, 정상소통, 반대방면 (한남대교 → 반포대교, 마포대교 → 양화대교) 차량증가로 정체,서행","A1","단순사고","2014-06-15","17:15","2014-06-15",126.891098,37.560033,0,0
"6","01149323","내부순환로 성수대교방면 (연희램프 → 홍지문터널) 차량증가로 정체","A4","단순정보","2014-06-15","17:14","2014-06-15",127.000146,37.608403,127.000146,37.608403
"8","01149321","서울-춘천간고속도로 서울방면 (강촌나들목부근 6Km구간, 가평휴게소 → 서종나들목) 차량증가로 정체","A4","단순정보","2014-06-15","17:13","2014-06-15",127.493865,37.66615,127.493865,37.66615
"9","01149320","천안-논산간고속도로 천안방면 (정우터널 → 정안휴게소, 차령터널 → 풍세요금소) 차량증가로 정체","A4","단순정보","2014-06-15","17:13","2014-06-15",127.104076,36.50312,127.104076,36.50312
"10","01149319","영동고속도로 강릉방면 (면온나들목 → 둔내터널, 여주나들목 → 이천나들목, 동수원나들목 → 광교터널) 차량증가로 정체","A4","단순정보","2014-06-15","17:12","2014-06-15",127.494914,37.245469,127.494914,37.245469
"11","01149318","중부고속도로 (남이 → 하남) 진천터널부근 2Km구간과 일죽나들목부근 1Km구간 차량증가로 정체","A4","단순정보","2014-06-15","17:11","2014-06-15",127.266279,37.449066,127.266279,37.449066
"12","01149317","서해안고속도로 서울방면 (당진나들목 → 서평택분기점, 금천나들목부근 2Km구간) 차량증가로 정체","A4","단순정보","2014-06-15","17:10","2014-06-15",126.895952,37.428197,126.895952,37.428197
"13","01149316","서울외곽순환고속도로 일산에서 판교방면 (계양나들목 → 중동나들목) 차량증가로 정체","A4","단순정보","2014-06-15","17:10","2014-06-15",126.75153,37.524394,126.75153,37.524394
"14","01149315","경부고속도로 서울방면 (청원휴게소부근 4Km구간, 입장휴게소 → 안성휴게소, 양재나들목 → 반포나들목) 차량증가로 정체, 반대방면 (한남나들목 → 서초나들목) 차량증가로 정체","A4","단순정보","2014-06-15","17:09","2014-06-15",127.025085,37.486203,127.025085,37.486203
"15","01149314","한남대교 (북단 → 남단) 중간지점 5차로 승용차끼리 추돌사고로 또 다른 사고위험","A1","단순사고","2014-06-15","17:03","2014-06-15",127.011696,37.528325,127.012712,37.527261
"16","01149313","[행사안내] “세종대로 보행전용거리” 행사로 광화문3거리에서 세종로4거리방면이 전면통제되고 있으니 참고하시기 바랍니다. (이 통제는 오늘 저녁 7시까지 예정)","B2","행사/집회","2014-06-15","17:02","2014-06-15",126.976641,37.574265,0,0
"17","01149312","중부내륙고속도로 (마산 → 양평) 상주터널부근 1차로에 있었던 승용차관련 추돌사고 처리작업 완료, 여파로 3Km구간 정체, 여주분기점부근 6Km구간 차량증가로 정체","A1","단순사고","2014-06-15","17:02","2014-06-15",128.225374,36.298518,0,0
"18","01149311","서부간선도로 안양방면 (양평교 → 오목교) 차량증가로 정체,서행, 반대방면 (오목교 → 목동교) 차량증가로 정체,서행","A4","단순정보","2014-06-15","16:58","2014-06-15",126.890292,37.531127,126.890292,37.531127
"19","01149310","동부간선도로 성수대교방면 (상계교 → 녹천교) 차량증가로 정체, 반대방면 (한천교 → 창동교) 차량증가로 정체","A4","단순정보","2014-06-15","16:57","2014-06-15",127.055165,37.652209,127.055165,37.652209
"20","01149309","북부간선도로 종암분기점방면 (구리나들목 → 구리시계, 월릉램프 → 하월곡램프) 차량증가로 정체","A4","단순정보","2014-06-15","16:57","2014-06-15",127.068826,37.615331,127.068826,37.615331
"21","01149308","올림픽대로 공항방면 (영동대교 → 반포대교) 차량증가로 정체,서행","A4","단순정보","2014-06-15","16:57","2014-06-15",127.015943,37.524102,127.015943,37.524102
"22","01149307","내부순환로 성수대교방면 (연희램프 → 홍지문터널) 차량증가로 정체","A4","단순정보","2014-06-15","16:56","2014-06-15",127.000146,37.608403,127.000146,37.608403
"23","01149306","강변북로 (일산 → 구리) 성산대교 조금 못 간 지점 2차로 승용차끼리 추돌사고로 난지나들목부터 정체, (워효대교 → 동작대교) 차량증가로 서행, 반대방면 (한남대교 → 반포대교, 원효대교 → 양화대교) 차량증가로 정체,서행","A1","단순사고","2014-06-15","16:56","2014-06-15",126.891098,37.560033,126.892983,37.55822
"37","01149292","서울-춘천간고속도로 서울방면 (남춘천나들목 → 강촌나들목, 가평휴게소 → 서종나들목) 차량증가로 정체","A4","단순정보","2014-06-15","16:47","2014-06-15",127.493865,37.66615,127.493865,37.66615
"38","01149291","중부내륙고속도로 (마산 → 양평) 상주터널부근 1차로 승용차관련 추돌사고 처리작업으로 또 다른 사고위험, 여주분기점부근 2Km구간 차량증가로 정체","A1","단순사고","2014-06-15","16:46","2014-06-15",128.225374,36.298518,128.222976,36.306967
"39","01149290","천안-논산간고속도로 천안방면 (정우터널 → 정안휴게소) 차량증가로 정체","A4","단순정보","2014-06-15","16:45","2014-06-15",127.104076,36.50312,127.104076,36.50312
"40","01149289","영동고속도로 강릉방면 (봉평터널 → 둔내터널, 문막나들목부근 3Km구간, 여주나들목 → 이천나들목, 동수원나들목 → 광교터널) 차량증가로 정체","A4","단순정보","2014-06-15","16:45","2014-06-15",127.494914,37.245469,127.494914,37.245469
"41","01149288","중부고속도로 (남이 → 하남) 일죽나들목부근 1Km구간과 중부3터널부근 차량증가로 정체","A4","단순정보","2014-06-15","16:43","2014-06-15",127.266279,37.449066,127.266279,37.449066
"42","01149287","서해안고속도로 서울방면 (당진나들목 → 서평택분기점, 금천나들목부근 2Km구간) 차량증가로 정체","A4","단순정보","2014-06-15","16:43","2014-06-15",126.895952,37.428197,126.895952,37.428197
"43","01149286","서울외곽순환고속도로 일산에서 판교방면 (계양나들목 → 중동나들목) 차량증가로 정체","A4","단순정보","2014-06-15","16:42","2014-06-15",126.75153,37.524394,126.75153,37.524394
"44","01149285","경부고속도로 서울방면 (청원휴게소부근 4Km구간, 입장휴게소 → 안성휴게소, 양재나들목 → 반포나들목) 차량증가로 정체, 반대방면 (한남나들목 → 서초나들목) 차량증가로 정체","A4","단순정보","2014-06-15","16:42","2014-06-15",127.025085,37.486203,127.025085,37.486203
"45","01149284","[행사안내] “세종대로 보행전용거리” 행사로 광화문3거리에서 세종로4거리방면이 전면통제되고 있으니 참고하시기 바랍니다. (이 통제는 오늘 저녁 7시까지 예정)","B2","행사/집회","2014-06-15","16:40","2014-06-15",126.976641,37.574265,0,0
"46","01149283","강남대로 (강남역 → 논현역) 논현역4거리 조금 못 간 지점 3,4차로 막고 건물보수공사를 하고있으니 주의운전 바랍니다.","B1","공사","2014-06-15","16:37","2014-06-15",127.023384,37.507108,0,0
"47","01149282","서부간선도로 안양방면 (양평교 → 오목교) 차량증가로 정체,서행, 반대방면 (오목교 → 목동교) 차량증가로 정체,서행","A4","단순정보","2014-06-15","16:37","2014-06-15",126.890292,37.531127,126.890292,37.531127
"48","01149281","동부간선도로 성수대교방면 (노원교 → 녹천교) 차량증가로 정체, 반대방면 (한천교 → 창동교) 차량증가로 정체","A4","단순정보","2014-06-15","16:37","2014-06-15",127.055165,37.652209,127.055165,37.652209
"49","01149280","북부간선도로 종암분기점방면 (구리나들목 → 구리시계, 묵동나들목 → 하월곡램프) 차량증가로 정체","A4","단순정보","2014-06-15","16:36","2014-06-15",127.068826,37.615331,127.068826,37.615331
"50","01149279","올림픽대로 공항방면 (청담대교 → 반포대교) 차량증가로 정체,서행, 반대방면 (성수대교 → 영동대교) 차량증가로 서행","A4","단순정보","2014-06-15","16:36","2014-06-15",127.015943,37.524102,127.015943,37.524102
"51","01149278","강변북로 일산방면 (한남대교 → 반포대교, 마포대교 → 양화대교) 차량증가로 정체,서행, 반대방면 (마포대교 → 동작대교) 차량증가로 서행","A4","단순정보","2014-06-15","16:36","2014-06-15",126.981735,37.516228,126.981735,37.516228
"52","01149277","내부순환로 성산대교방면 (길음램프 → 정릉터널) 차량증가로 서행, 반대방면 (연희램프 → 홍지문터널) 차량증가로 정체,서행","A4","단순정보","2014-06-15","16:35","2014-06-15",127.000146,37.608403,127.000146,37.608403
"64","01149265","[행사안내] “세종대로 보행전용거리” 행사로 광화문3거리에서 세종로4거리방면이 전면통제되고 있으니 참고하시기 바랍니다. (이 통제는 오늘 저녁 7시까지 예정)","B2","행사/집회","2014-06-15","16:22","2014-06-15",126.976641,37.574265,0,0
"65","01149264","범안로 (말미4거리 → 독산4동4거리) 2차로 승용차끼리 추돌사고로 또 다른 사고위험","A1","단순사고","2014-06-15","16:17","2014-06-15",126.897747,37.466461,126.900791,37.466387
"66","01149263","서부간선도로 안양방면 (양평교 → 오목교) 차량증가로 정체,서행, 반대방면 (신정교 → 목동교) 차량증가로 정체,서행","A4","단순정보","2014-06-15","16:16","2014-06-15",126.890292,37.531127,126.890292,37.531127
"67","01149262","동부간선도로 성수대교방면 (노원교 → 녹천교) 차량증가로 정체, 반대방면 (한천교 → 창동교) 차량증가로 정체","A4","단순정보","2014-06-15","16:16","2014-06-15",127.055165,37.652209,127.055165,37.652209
"68","01149261","북부간선도로 종암분기점방면 (구리나들목 → 구리시계, 묵동나들목 → 하월곡램프) 차량증가로 정체","A4","단순정보","2014-06-15","16:16","2014-06-15",127.068826,37.615331,127.068826,37.615331
"69","01149260","올림픽대로 공항방면 (청담대교 → 반포대교) 차량증가로 정체,서행","A4","단순정보","2014-06-15","16:15","2014-06-15",127.015943,37.524102,127.015943,37.524102
"70","01149259","강변북로 일산방면 (한남대교 → 반포대교, 서강대교 → 양화대교) 차량증가로 정체,서행, 반대방면 (한강대교 → 동작대교) 차량증가로 서행","A4","단순정보","2014-06-15","16:15","2014-06-15",126.981735,37.516228,126.981735,37.516228
"71","01149258","내부순환로 성산대교방면 (길음램프 → 정릉터널) 차량증가로 서행, 반대방면 (홍제램프 → 홍지문터널) 차량증가로 정체","A4","단순정보","2014-06-15","16:15","2014-06-15",127.000146,37.608403,127.000146,37.608403
"73","01149256","서울-춘천간고속도로 서울방면 (남춘천나들목 → 강촌나들목, 가평휴게소 → 설악나들목, 서종나들목부근 5Km구간) 차량증가로 정체","A4","단순정보","2014-06-15","16:12","2014-06-15",127.493865,37.66615,127.493865,37.66615
"74","01149255","중부내륙고속도로 (마산 → 양평) 만정터널부근 2차로에 있었던 승용차관련 추돌사고 처리작업 완료, 정상소통, 여주분기점부근 2Km구간 차량증가로 정체","A1","단순사고","2014-06-15","16:12","2014-06-15",127.66677,37.125608,127.847184,36.976152
"75","01149254","천안-논산간고속도로 천안방면 (정우터널 → 정안휴게소) 차량증가로 정체","A4","단순정보","2014-06-15","16:12","2014-06-15",127.104076,36.50312,127.104076,36.50312
"76","01149253","영동고속도로 강릉방면 (면온나들목 → 둔내터널, 문막나들목부근 3Km구간, 여주나들목 → 호법분기점) 차량증가로 정체","A4","단순정보","2014-06-15","16:11","2014-06-15",127.494914,37.245469,127.494914,37.245469
"77","01149252","중부고속도로 (남이 → 하남) 일죽나들목부근 1Km구간 차량증가로 정체","A4","단순정보","2014-06-15","16:10","2014-06-15",127.266279,37.449066,127.266279,37.449066
"78","01149251","서해안고속도로 서울방면 (당진나들목 → 서평택분기점, 일직분기점 → 금천나들목) 차량증가로 정체","A4","단순정보","2014-06-15","16:10","2014-06-15",126.895952,37.428197,126.895952,37.428197
"79","01149250","서울외곽순환고속도로 일산에서 판교방면 (계양나들목 → 중동나들목) 차량증가로 정체","A4","단순정보","2014-06-15","16:10","2014-06-15",126.75153,37.524394,126.75153,37.524394
"80","01149249","경부고속도로 서울방면 (청원휴게소 → 수신정류장, 안성나들목 → 안성휴게소, 동탄분기점 → 기흥동탄나들목, 양재나들목 → 서초나들목) 차량증가로 정체, 반대방면 (한남나들목 → 서초나들목) 차량증가로 정체","A4","단순정보","2014-06-15","16:09","2014-06-15",127.025085,37.486203,127.025085,37.486203
"81","01149248","[집회안내] 독립공원를 출발한 집회 참가자들이 도착장소인 서울광장에 모두 도착을 하였습니다. 차량통행에 지장없으니 참고하시기 바랍니다.","B2","행사/집회","2014-06-15","16:07","2014-06-15",126.977179,37.564768,126.977297,37.565674
"82","01149247","[행사안내] “세종대로 보행전용거리” 행사로 광화문3거리에서 세종로4거리방면이 전면통제되고 있으니 참고하시기 바랍니다. (이 통제는 오늘 저녁 7시까지 예정)","B2","행사/집회","2014-06-15","16:02","2014-06-15",126.976641,37.574265,0,0
"83","01149246","능동로 (건대입구역 → 어린이대공원역) 어린이대공원역 조금 못 간 지점 3차로 택시,승용차 추돌사고로 또 다른 사고위험","A1","단순사고","2014-06-15","15:57","2014-06-15",127.070673,37.539888,127.07401,37.546892
"84","01149245","서부간선도로 안양방면 (양평교 → 오목교) 차량증가로 정체,서행, 반대방면 (신정교 → 오목교) 차량증가로 정체,서행","A4","단순정보","2014-06-15","15:55","2014-06-15",126.890292,37.531127,126.890292,37.531127
"85","01149244","동부간선도로 성수대교방면 (노원교 → 녹천교) 차량증가로 정체, 반대방면 (한천교 → 창동교) 차량증가로 정체","A4","단순정보","2014-06-15","15:55","2014-06-15",127.055165,37.652209,127.055165,37.652209
"86","01149243","북부간선도로 종암분기점방면 (구리나들목 → 구리시계, 묵동나들목 → 하월곡램프) 차량증가로 정체","A4","단순정보","2014-06-15","15:55","2014-06-15",127.068826,37.615331,127.068826,37.615331
"87","01149242","올림픽대로 공항방면 (영동대교 → 반포대교) 차량증가로 정체,서행, 반대방면 (한남대교 → 동호대교) 차량증가로 정체","A4","단순정보","2014-06-15","15:54","2014-06-15",127.015943,37.524102,127.015943,37.524102
"88","01149241","강변북로 일산방면 (동호대교 → 반포대교, 마포대교 → 양화대교) 차량증가로 정체,서행, 반대방면 (한강대교 → 동작대교) 차량증가로 서행","A4","단순정보","2014-06-15","15:54","2014-06-15",126.981735,37.516228,126.981735,37.516228
"89","01149240","내부순환로 성산대교방면 (길음램프 → 정릉터널) 차량증가로 서행, 반대방면 (홍은램프 → 홍지문터널) 차량증가로 정체","A4","단순정보","2014-06-15","15:54","2014-06-15",127.000146,37.608403,127.000146,37.608403
"90","01149239","[집회안내] 독립공원에서 집회를 마친 참가자들이 행진을 하고 있습니다. 서소문로 경찰청4거리에서 서울광장방면으로 이동하고 있으니 서소문로 등 주변도로 이용에 참고하시기 바랍니다. (행진 : 독립공원 → 서대문역 → 서소문로 → 서울광장)","B2","행사/집회","2014-06-15","15:52","2014-06-15",126.971683,37.562467,126.973031,37.562744
"102","01149227","서울-춘천간고속도로 서울방면 (남춘천나들목 → 강촌나들목, 설악나들목부근 6Km구간, 서종나들목부근 3Km구간) 차량증가로 정체","A4","단순정보","2014-06-15","15:43","2014-06-15",127.493865,37.66615,127.493865,37.66615
"103","01149226","중부내륙고속도로 (마산 → 양평) 만정터널부근 2차로 승용차관련 추돌사고 처리작업으로 또 다른 사고위험, 여주분기점부근 2Km구간 차량증가로 정체","A1","단순사고","2014-06-15","15:42","2014-06-15",127.66677,37.125608,127.847179,36.953475
"104","01149225","천안-논산간고속도로 천안방면 (정안휴게소 → 정안나들목) 차량증가로 정체","A4","단순정보","2014-06-15","15:41","2014-06-15",127.104076,36.50312,127.104076,36.50312
"105","01149224","영동고속도로 강릉방면 (면온나들목 → 둔내터널, 강천터널 → 호법분기점) 차량증가로 정체","A4","단순정보","2014-06-15","15:40","2014-06-15",127.494914,37.245469,127.494914,37.245469
"106","01149223","중부고속도로 (남이 → 하남) 일죽나들목부근 1Km구간과 광주나들목부근 차량증가로 정체","A4","단순정보","2014-06-15","15:40","2014-06-15",127.266279,37.449066,127.266279,37.449066
"107","01149222","서해안고속도로 서울방면 (당진나들목 → 서평택분기점, 일직분기점 → 금천나들목) 차량증가로 정체","A4","단순정보","2014-06-15","15:39","2014-06-15",126.895952,37.428197,126.895952,37.428197
"108","01149221","[행사안내] “세종대로 보행전용거리” 행사로 광화문3거리에서 세종로4거리방면이 전면통제되고 있으니 참고하시기 바랍니다. (이 통제는 오늘 저녁 7시까지 예정)","B2","행사/집회","2014-06-15","15:39","2014-06-15",126.976641,37.574265,0,0
"109","01149220","경부고속도로 서울방면 (청원휴게소 → 수신정류장, 안성나들목 → 안성휴게소, 동탄분기점 → 기흥동탄나들목, 양재나들목 → 서초나들목) 차량증가로 정체, 반대방면 (한남나들목 → 서초나들목) 차량증가로 정체","A4","단순정보","2014-06-15","15:39","2014-06-15",127.025085,37.486203,127.025085,37.486203
"110","01149219","[집회안내] 독립공원에서 집회를 마친 참가자들이 행진을 하고 있습니다. 통일로 서대문4거리에서 경찰청4거리방면으로 이동하고 있으니 통일로 등 주변도로 이용에 참고하시기 바랍니다. (행진 : 독립공원 → 서대문역 → 서소문로 → 서울광장)","B2","행사/집회","2014-06-15","15:37","2014-06-15",126.959684,37.572592,0,0
"111","01149218","서부간선도로 안양방면 (양평교 → 오목교) 차량증가로 정체,서행, 반대방면 (광명대교 → 오금교) 차량증가로 정체,서행","A4","단순정보","2014-06-15","15:36","2014-06-15",126.890292,37.531127,126.890292,37.531127
"112","01149217","동부간선도로 성수대교방면 (상계교 → 녹천교) 차량증가로 정체, 반대방면 (한천교 → 창동교) 차량증가로 정체","A4","단순정보","2014-06-15","15:36","2014-06-15",127.055165,37.652209,127.055165,37.652209
"113","01149216","북부간선도로 구리방면 (묵동나들목 → 구리시계) 차량증가로 정체,서행, 반대방면 (구리나들목 → 구리시계, 묵동나들목 → 하월곡램프) 차량증가로 정체","A4","단순정보","2014-06-15","15:36","2014-06-15",127.068826,37.615331,127.068826,37.615331
"114","01149215","올림픽대로 공항방면 (영동대교 → 반포대교) 차량증가로 정체,서행","A4","단순정보","2014-06-15","15:35","2014-06-15",127.015943,37.524102,127.015943,37.524102
"115","01149214","강변북로 일산방면 (동호대교 → 반포대교, 마포대교 → 양화대교) 차량증가로 정체,서행, 반대방면 (한강대교 → 동작대교) 차량증가로 서행","A4","단순정보","2014-06-15","15:35","2014-06-15",126.981735,37.516228,126.981735,37.516228
"116","01149213","내부순환로 성산대교방면 (길음램프 → 정릉터널) 차량증가로 서행, 반대방면 (홍은램프 → 홍지문터널) 차량증가로 정체","A4","단순정보","2014-06-15","15:34","2014-06-15",127.000146,37.608403,127.000146,37.608403
"129","01149200","[집회안내] 독립공원에서 집회를 마친 참가자들이 행진을 시작하였습니다. 통일로 독립문4거리에서 서대문4거리방면으로 이동하고 있으니 통일로 등 주변도로 이용에 참고하시기 바랍니다. (행진 : 독립공원 → 서대문역 → 서소문로 → 서울광장)","B2","행사/집회","2014-06-15","15:18","2014-06-15",126.959684,37.572592,0,0
"130","01149199","강남대로 (강남역 → 논현역) 논현역4거리 조금 못 간 지점 3,4차로 막고 건물보수공사를 하고있으니 주의운전 바랍니다.","B1","공사","2014-06-15","15:17","2014-06-15",127.023384,37.507108,0,0
"131","01149198","서부간선도로 안양방면 (양평교 → 오목교) 차량증가로 정체,서행, 반대방면 (광명대교 → 성산대교) 차량증가로 정체,서행","A4","단순정보","2014-06-15","15:16","2014-06-15",126.890292,37.531127,126.890292,37.531127
"132","01149197","동부간선도로 성수대교방면 (창동교 → 녹천교) 차량증가로 정체, 반대방면 (한천교 → 창동교) 차량증가로 정체","A4","단순정보","2014-06-15","15:15","2014-06-15",127.055165,37.652209,127.055165,37.652209
"133","01149196","영동고속도로 강릉방면 (면온나들목 → 둔내터널, 강천터널 → 호법분기점) 차량증가로 정체","A4","단순정보","2014-06-15","15:15","2014-06-15",127.494914,37.245469,127.494914,37.245469
"134","01149195","북부간선도로 구리방면 (묵동나들목 → 구리시계) 차량증가로 정체,서행, 반대방면 (묵동나들목 → 하월곡램프) 차량증가로 정체","A4","단순정보","2014-06-15","15:15","2014-06-15",127.068826,37.615331,127.068826,37.615331
"135","01149194","올림픽대로 공항방면 (성수대교 → 반포대교) 차량증가로 정체,서행","A4","단순정보","2014-06-15","15:15","2014-06-15",127.015943,37.524102,127.015943,37.524102
"136","01149193","강변북로 일산방면 (동작대교 → 한강대교) 1차로에 있었던 시설물보수작업 종료, 여파로 성수대교부터 정체, (서강대교 → 양화대교) 차량증가로 정체,서행, 반대방면 (한강대교 → 동작대교) 차량증가로 정체,서행","B1","공사","2014-06-15","15:14","2014-06-15",126.981735,37.516228,0,0
"137","01149192","서해안고속도로 서울방면 (당진나들목 → 서평택분기점, 일직분기점 → 금천나들목) 차량증가로 정체","A4","단순정보","2014-06-15","15:14","2014-06-15",126.895952,37.428197,126.895952,37.428197
"138","01149191","내부순환로 성산대교방면 (길음램프 → 정릉터널) 차량증가로 서행","A4","단순정보","2014-06-15","15:14","2014-06-15",127.000146,37.608403,127.000146,37.608403
"139","01149189","경부고속도로 서울방면 (수신정류장부근 1Km구간, 안성분기점 → 안성휴게소, 동탄분기점 → 기흥동탄나들목, 양재나들목 → 서초나들목) 차량증가로 정체, 반대방면 (한남나들목 → 서초나들목) 차량증가로 정체","A4","단순정보","2014-06-15","15:14","2014-06-15",127.025085,37.486203,127.025085,37.486203
"141","01149187","[행사안내] “세종대로 보행전용거리” 행사로 광화문3거리에서 세종로4거리방면이 전면통제되고 있으니 참고하시기 바랍니다. (이 통제는 오늘 저녁 7시까지 예정)","B2","행사/집회","2014-06-15","15:00","2014-06-15",126.976641,37.574265,0,0
"142","01149186","서부간선도로 안양방면 (목동교 → 오목교) 차량증가로 정체,서행, 반대방면 (고척교 → 성산대교) 차량증가로 정체,서행","A4","단순정보","2014-06-15","14:56","2014-06-15",126.890292,37.531127,126.890292,37.531127
"143","01149185","동부간선도로 성수대교방면 (창동교 → 녹천교) 차량증가로 정체, 반대방면 (월계1교 → 녹천교) 차량증가로 정체","A4","단순정보","2014-06-15","14:56","2014-06-15",127.055165,37.652209,127.055165,37.652209
"144","01149184","북부간선도로 구리방면 (신내나들목 → 구리시계) 차량증가로 서행, 반대방면 (묵동나들목 → 하월곡램프) 차량증가로 정체","A4","단순정보","2014-06-15","14:56","2014-06-15",127.068826,37.615331,127.068826,37.615331
"145","01149183","올림픽대로 공항방면 (성수대교 → 반포대교) 차량증가로 정체,서행","A4","단순정보","2014-06-15","14:55","2014-06-15",127.015943,37.524102,127.015943,37.524102
"146","01149182","강변북로 일산방면 (동작대교 → 한강대교) 1차로 시설물보수작업으로 동호대교부터 정체, (서강대교 → 양화대교) 차량증가로 정체,서행, 반대방면 (원효대교 → 동작대교) 차량증가로 정체,서행","B1","공사","2014-06-15","14:55","2014-06-15",126.981735,37.516228,0,0
"147","01149181","내부순환로 성산대교방면 (길음램프 → 정릉터널) 차량증가로 서행","A4","단순정보","2014-06-15","14:55","2014-06-15",127.000146,37.608403,127.000146,37.608403
"148","01149180","경부고속도로 (부산 → 서울) 동탄분기점 1Km 지난 지점 갓길 승용차,승합차 접촉사고로 정체","A1","단순사고","2014-06-15","14:54","2014-06-15",127.083622,37.145395,127.095427,37.185112
"149","01149179","서울-춘천간고속도로 서울방면 (남춘천나들목 → 강촌나들목, 설악나들목부근 6Km구간, 서종나들목부근 3Km구간) 차량증가로 정체","A4","단순정보","2014-06-15","14:51","2014-06-15",127.493865,37.66615,127.493865,37.66615
"150","01149178","영동고속도로 강릉방면 (면온나들목 → 둔내터널, 여주나들목부근 2Km구간, 여주분기점 → 호법분기점) 차량증가로 정체","A4","단순정보","2014-06-15","14:51","2014-06-15",127.494914,37.245469,127.494914,37.245469
"151","01149177","서해안고속도로 서울방면 (당진나들목 → 서평택분기점, 매송나들목 → 용담터널, 일직분기점 → 금천나들목) 차량증가로 정체","A4","단순정보","2014-06-15","14:50","2014-06-15",126.895952,37.428197,126.895952,37.428197
"152","01149176","경부고속도로 서울방면 (동탄분기점 → 기흥동탄나들목, 양재나들목 → 서초나들목) 차량증가로 정체, 반대방면 (한남나들목 → 서초나들목) 차량증가로 정체","A4","단순정보","2014-06-15","14:50","2014-06-15",127.025085,37.486203,127.025085,37.486203
"153","01149175","장충단로 (광희동4거리 → 장충체육관앞4거리) 양방면 소통원활","A4","단순정보","2014-06-15","14:49","2014-06-15",127.007026,37.563879,127.007026,37.563879
"154","01149173","강변북로 구리방면 (원효대교 → 한강대교) 차량증가로 정체","A4","단순정보","2014-06-15","14:48","2014-06-15",126.953046,37.527566,126.953046,37.527566
"155","01149172","봉은사로 봉은사3거리 신호등고장으로 각 방면 사고위험","A4","단순정보","2014-06-15","14:45","2014-06-15",127.056239,37.513546,127.056251,37.513525
"156","01149171","종로 (1가 → 5가) 4가 150m 못 간 지점 2,3차로 승용차,버스 접촉사고로 또 다른 사고위험","A1","단순사고","2014-06-15","14:41","2014-06-15",126.995099,37.570435,126.996394,37.570515
"157","01149174","[행사안내] “세종대로 보행전용거리” 행사로 광화문3거리에서 세종로4거리방면이 전면통제되고 있으니 참고하시기 바랍니다. (이 통제는 오늘 저녁 7시까지 예정)","B2","행사/집회","2014-06-15","14:49","2014-06-15",126.976641,37.574265,0,0
"158","01149170","성산로 (연세대앞3거리 → 금화터널) 금화터널안 1차로 승용차 2대 고장으로 서 있어 정체","A1","단순사고","2014-06-15","14:39","2014-06-15",126.948915,37.568844,126.951631,37.570095
"159","01149169","성산대교 (남단 → 북단) 중간지점에 있었던 승합차,승용차 추돌사고 처리작업 완료, 여파로 서부간선도로 신정교 이전부터 정체","A1","단순사고","2014-06-15","14:37","2014-06-15",126.888378,37.547622,0,0
"160","01149168","동부간선도로 성수대교방면 (상계교 → 녹천교) 차량증가로 정체, 반대방면 (월계1교 → 녹천교) 차량증가로 정체","A4","단순정보","2014-06-15","14:37","2014-06-15",127.055165,37.652209,127.055165,37.652209
"161","01149167","북부간선도로 구리방면 (묵동나들목 → 구리시계) 차량증가로 정체, 반대방면 (묵동나들목 → 하월곡램프) 차량증가로 정체","A4","단순정보","2014-06-15","14:37","2014-06-15",127.068826,37.615331,127.068826,37.615331
"162","01149166","올림픽대로 공항방면 (영동대교 → 반포대교) 차량증가로 정체,서행","A4","단순정보","2014-06-15","14:36","2014-06-15",127.015943,37.524102,127.015943,37.524102
"163","01149165","강변북로 일산방면 (동작대교 → 한강대교) 1차로 시설물보수작업으로 한남대교부터 정체, (마포대교 → 양화대교) 차량증가로 정체,서행, 반대방면 (원효대교 → 동작대교) 차량증가로 정체,서행","B1","공사","2014-06-15","14:35","2014-06-15",126.981735,37.516228,126.979756,37.516217
"164","01149164","내부순환로 성산대교방면 (정릉램프 → 정릉터널) 차량증가로 서행","A4","단순정보","2014-06-15","14:34","2014-06-15",127.000146,37.608403,127.000146,37.608403
"165","01149163","서울외곽순환고속도로 (일산 → 판교) 학의분기점부근 3,4차로에 있었던 화물차관련 추돌사고 처리작업 완료, 정상소통","A1","단순사고","2014-06-15","14:31","2014-06-15",126.961558,37.38076,0,0
"176","01149152","성산대교 (남단 → 북단) 중간지점 1차로 승합차,승용차 추돌사고로 서부간선도로 목동교 이전부터 정체","A1","단순사고","2014-06-15","14:24","2014-06-15",126.888378,37.547622,126.89038,37.550779
"179","01149149","서울-춘천간고속도로 (춘천 → 서울) 강촌나들목부근 5Km구간과 설악나들목부근 6Km구간, 서종나들목부근 3Km구간 차량증가로 정체","A4","단순정보","2014-06-15","14:20","2014-06-15",127.493865,37.66615,127.493865,37.66615
"180","01149148","영동고속도로 강릉방면 (여주나들목부근 2Km구간, 여주분기점 → 호법분기점, 광교터널부근) 차량증가로 정체","A4","단순정보","2014-06-15","14:19","2014-06-15",127.494914,37.245469,127.494914,37.245469
"181","01149147","서해안고속도로 서울방면 (서평택나들목 → 서평택분기점, 매송나들목 → 용담터널, 일직분기점 → 금천나들목) 차량증가로 정체","A4","단순정보","2014-06-15","14:18","2014-06-15",126.895952,37.428197,126.895952,37.428197
"182","01149146","[행사안내] “세종대로 보행전용거리” 행사로 광화문3거리에서 세종로4거리방면이 전면통제되고 있으니 참고하시기 바랍니다. (이 통제는 오늘 저녁 7시까지 예정)","B2","행사/집회","2014-06-15","14:18","2014-06-15",126.976641,37.574265,0,0
"183","01149145","경부고속도로 서울방면 (동탄분기점 → 기흥동탄나들목, 양재나들목 → 서초나들목) 차량증가로 정체, 반대방면 (한남나들목 → 서초나들목) 차량증가로 정체","A4","단순정보","2014-06-15","14:17","2014-06-15",127.025085,37.486203,127.025085,37.486203
"184","01149144","국회대로 (목동교 → 경인1지하차도) 차량증가로 정체,서행","A4","단순정보","2014-06-15","14:17","2014-06-15",126.888427,37.530831,126.888427,37.530831
"185","01149143","서부간선도로 안양방면 (목동교 → 오목교) 차량증가로 정체,서행, 반대방면 (신정교 → 목동교) 차량증가로 정체,서행","A4","단순정보","2014-06-15","14:17","2014-06-15",126.890292,37.531127,126.890292,37.531127
"186","01149142","광명 (하안4거리 → 안터마을3거리) 하안4거리 조금 지난 지점 2차로 통신공사로 사고위험, 반대방면 우체국4거리 조금 못 간 지점 1차로 차선긋는작업으로 사고위험","B1","공사","2014-06-15","14:16","2014-06-15",126.879704,37.462602,126.87489,37.459721
"187","01149141","동부간선도로 성수대교방면 (상계교 → 녹천교) 차량증가로 정체, 반대방면 (월계1교 → 녹천교) 차량증가로 정체","A4","단순정보","2014-06-15","14:16","2014-06-15",127.055165,37.652209,127.055165,37.652209
"188","01149140","북부간선도로 구리방면 (신내나들목 → 구리시계) 차량증가로 정체, 반대방면 (묵동나들목 → 하월곡램프) 차량증가로 정체","A4","단순정보","2014-06-15","14:16","2014-06-15",127.068826,37.615331,127.068826,37.615331
"189","01149139","올림픽대로 (공항 → 하남) 반포대교 조금 못 간 지점에 있었던 승용차끼리 추돌사고 처리작업 완료, 정상소통","A1","단순사고","2014-06-15","14:16","2014-06-15",126.990323,37.506128,0,0
"190","01149138","올림픽대로 (하남 → 공항) 한남대교부근에 있었던 추돌사고 처리작업 완료, 여파로 청담대교부터 정체","A1","단순사고","2014-06-15","14:15","2014-06-15",127.015943,37.524102,0,0
"191","01149137","강변북로 일산방면 (마포대교 → 양화대교) 차량증가로 정체,서행","A4","단순정보","2014-06-15","14:15","2014-06-15",126.928603,37.543824,126.928603,37.543824
"192","01149136","내부순환로 성산대교방면 (정릉램프 → 정릉터널) 차량증가로 서행","A4","단순정보","2014-06-15","14:14","2014-06-15",127.000146,37.608403,127.000146,37.608403
"193","01149135","서울외곽순환고속도로 (일산 → 판교) 학의분기점부근 3,4차로 화물차관련 추돌사고 처리작업으로 정체, 반대방면 (장수나들목 → 송내나들목) 차량증가로 정체","A1","단순사고","2014-06-15","14:08","2014-06-15",126.961558,37.38076,126.993083,37.385022
"194","01149134","오금로 (오금4거리 → 방이4거리) 미성아파트4거리부근 3차로 승용차가 넘어진사고로 또 다른 사고위험","A1","단순사고","2014-06-15","14:06","2014-06-15",127.122673,37.505376,127.121194,37.505975
"195","01149133","서울-춘천간고속도로 (춘천 → 서울) 서종나들목부근 2차로 승용차끼리 추돌사고로 정체","A1","단순사고","2014-06-15","14:00","2014-06-15",127.374496,37.63426,127.371107,37.634517
"196","01149132","올림픽대로 (공항 → 하남) 반포대교 조금 못 간 지점 1차로 승용차끼리 추돌사고 처리작업으로 서행","A1","단순사고","2014-06-15","13:59","2014-06-15",126.990323,37.506128,126.995096,37.508154
"197","01149131","서부간선도로 안양방면 (목동교 → 오목교) 차량증가로 정체,서행, 반대방면 (신정교 → 목동교) 차량증가로 정체,서행","A4","단순정보","2014-06-15","13:56","2014-06-15",126.890292,37.531127,126.890292,37.531127
"198","01149130","동부간선도로 성수대교방면 (상계교 → 녹천교, 장안철교 → 성동교) 차량증가로 정체, 반대방면 (월계1교 → 녹천교) 차량증가로 정체","A4","단순정보","2014-06-15","13:56","2014-06-15",127.055165,37.652209,127.055165,37.652209
"199","01149129","북부간선도로 구리방면 (묵동나들목 → 구리시계) 차량증가로 정체, 반대방면 (묵동나들목 → 하월곡램프) 차량증가로 정체","A4","단순정보","2014-06-15","13:55","2014-06-15",127.106291,37.614507,127.106291,37.614507
"200","01149128","강변북로 일산방면 (마포대교 → 양화대교) 차량증가로 정체,서행","A4","단순정보","2014-06-15","13:55","2014-06-15",126.928603,37.543824,126.928603,37.543824
"201","01149127","올림픽대로 (하남 → 공항) 한남대교부근 추돌사고후 2개차로 막고 처리작업을 하고있어 성수대교부터 정체","A1","단순사고","2014-06-15","13:51","2014-06-15",127.015943,37.524102,127.015517,37.523697
"211","01149117","서울-춘천간고속도로 (춘천 → 서울) 강촌나들목부근 2Km구간과 설악나들목부근 3Km구간, 서종나들목부근 3Km구간 차량증가로 정체","A4","단순정보","2014-06-15","13:48","2014-06-15",127.493865,37.66615,127.493865,37.66615
"213","01149115","영동고속도로 (강릉 → 인천) 호법분기점부근 2Km구간 차량증가로 정체","A4","단순정보","2014-06-15","13:48","2014-06-15",127.494914,37.245469,127.494914,37.245469
"214","01149114","서해안고속도로 (목포 → 서울) 금천나들목부근 2Km구간 차량증가로 정체","A4","단순정보","2014-06-15","13:47","2014-06-15",126.895952,37.428197,126.895952,37.428197
"215","01149113","서울외곽순환고속도로 판교에서 일산방면 (장수나들목 → 송내나들목) 차량증가로 정체","A4","단순정보","2014-06-15","13:47","2014-06-15",126.754851,37.468566,126.754851,37.468566
"216","01149112","경부고속도로 서울방면 (동탄분기점 → 기흥나들목, 양재나들목 → 서초나들목) 차량증가로 정체, 반대방면 (한남나들목 → 서초나들목) 차량증가로 정체","A4","단순정보","2014-06-15","13:46","2014-06-15",127.025085,37.486203,127.025085,37.486203
"217","01149111","[행사안내] “세종대로 보행전용거리” 행사로 광화문3거리에서 세종로4거리방면이 전면통제되고 있으니 참고하시기 바랍니다. (이 통제는 오늘 저녁 7시까지 예정)","B2","행사/집회","2014-06-15","13:43","2014-06-15",126.976641,37.574265,0,0
"218","01149110","세검정로 (북악터널 → 신영3거리) 서울예술고등학교 300m 못 간 지점 2차로 승용차가 넘어진사고로 정체","A1","단순사고","2014-06-15","13:41","2014-06-15",126.971901,37.60748,126.970931,37.606992
"219","01149109","삼일대로 (종로2가 → 퇴계로2가) 을지로2가교차로내에 있었던 화물차관련 4중 추돌사고 처리작업 완료, 정상소통","A1","단순사고","2014-06-15","13:39","2014-06-15",126.987517,37.566149,0,0
"220","01149108","서부간선도로 안양방면 (목동교 → 오목교) 차량증가로 서행","A4","단순정보","2014-06-15","13:37","2014-06-15",126.890292,37.531127,126.890292,37.531127
"221","01149107","동부간선도로 성수대교방면 (노원교 → 녹천교, 장안철교 → 성동교) 차량증가로 정체, 반대방면 (월계1교 → 녹천교) 차량증가로 정체","A4","단순정보","2014-06-15","13:36","2014-06-15",127.055165,37.652209,127.055165,37.652209
"222","01149106","북부간선도로 구리방면 (묵동나들목 → 구리시계) 차량증가로 정체, 반대방면 (묵동나들목 → 하월곡램프) 차량증가로 정체","A4","단순정보","2014-06-15","13:35","2014-06-15",127.106291,37.614507,127.106291,37.614507
"223","01149105","올림픽대로 공항방면 (영동대교 → 동호대교) 차량증가로 서행","A4","단순정보","2014-06-15","13:35","2014-06-15",127.029303,37.534306,127.029303,37.534306
"224","01149104","강변북로 일산방면 (서강대교 → 양화대교) 차량증가로 정체,서행","A4","단순정보","2014-06-15","13:34","2014-06-15",126.928603,37.543824,126.928603,37.543824
"225","01149103","서울-춘천간고속도로 (춘천 → 서울) 설악나들목부근 3Km구간과 서종나들목부근 3Km구간 차량증가로 정체","A4","단순정보","2014-06-15","13:26","2014-06-15",127.493865,37.66615,127.493865,37.66615
"226","01149102","서해안고속도로 (목포 → 서울) 금천나들목부근 2Km구간 차량증가로 정체","A4","단순정보","2014-06-15","13:26","2014-06-15",126.895952,37.428197,126.895952,37.428197
"227","01149101","서울외곽순환고속도로 판교에서 일산방면 (장수나들목 → 송내나들목) 차량증가로 정체","A4","단순정보","2014-06-15","13:25","2014-06-15",126.754851,37.468566,126.754851,37.468566
"228","01149100","강남대로 (강남역 → 논현역) 논현역4거리 조금 못 간 지점 3,4차로 막고 건물보수공사를 하고있으니 주의운전 바랍니다.","B1","공사","2014-06-15","13:24","2014-06-15",127.023384,37.507108,0,0
"241","01149087","삼일대로 (종로2가 → 퇴계로2가) 을지로2가교차로내 4중 추돌사고 처리작업으로 또 다른 사고위험","A1","단순사고","2014-06-15","13:17","2014-06-15",126.987517,37.566149,126.987519,37.56618
"242","01149086","경부고속도로 서울방면 (동탄분기점 → 기흥나들목) 차량증가로 정체, 반포나들목 조금 못 간 지점 1,2차로에 있었던 추돌사고 처리작업 완료, 여파로 양재나들목부터 정체, 반대방면 (잠원나들목 → 서초나들목) 차량증가로 정체","A1","단순사고","2014-06-15","13:15","2014-06-15",127.025085,37.486203,0,0
"243","01149085","[행사안내] “세종대로 보행전용거리” 행사로 광화문3거리에서 세종로4거리방면이 전면통제되고 있으니 참고하시기 바랍니다. (이 통제는 오늘 저녁 7시까지 예정)","B2","행사/집회","2014-06-15","13:09","2014-06-15",126.976641,37.574265,0,0
"244","01149084","동부간선도로 (의정부 → 성수대교) 중랑교부근 3차로 시설물보수작업으로 사고위험","B1","공사","2014-06-15","13:09","2014-06-15",127.068696,37.597388,0,0
"245","01149083","서울-춘천간고속도로 (춘천 → 서울) 설악나들목부근 3Km구간과 서종나들목부근 3Km구간 차량증가로 정체","A4","단순정보","2014-06-15","13:05","2014-06-15",127.493865,37.66615,127.493865,37.66615
"246","01149082","서해안고속도로 (목포 → 서울) 금천나들목부근 2Km구간 차량증가로 정체, 반대방면 서천휴게소부근 갓길에 있었던 승용차관련 추돌사고 처리작업 종료, 정상소통","A1","단순사고","2014-06-15","13:04","2014-06-15",126.600414,36.170255,0,0
"247","01149081","경부고속도로 부산방면 (잠원나들목 → 서초나들목) 차량증가로 정체, 반대방면 (오산나들목 → 동탄분기점, 양재나들목 → 서초나들목) 차량증가로 정체","A4","단순정보","2014-06-15","13:04","2014-06-15",127.019123,37.501341,127.019123,37.501341
"248","01149080","강남대로 (강남역 → 논현역) 논현역4거리 조금 못 간 지점 3,4차로 막고 건물보수공사를 하고있으니 주의운전 바랍니다.","B1","공사","2014-06-15","13:02","2014-06-15",127.023384,37.507108,0,0
"249","01149079","동부간선도로 (의정부 → 성수대교) 중랑교부근 3차로 시설물보수작업으로 사고위험","B1","공사","2014-06-15","12:49","2014-06-15",127.068696,37.597388,0,0
"262","01149066","[행사안내] “세종대로 보행전용거리” 행사로 광화문3거리에서 세종로4거리방면이 전면통제되고 있으니 참고하시기 바랍니다. (이 통제는 오늘 저녁 7시까지 예정)","B2","행사/집회","2014-06-15","12:45","2014-06-15",126.976641,37.574265,0,0
"263","01149065","서해안고속도로 서울방면 (일직분기점 → 금천나들목) 차량증가로 정체, 반대방면 춘장대나들목부근 갓길 승용차관련 추돌사고 처리작업으로 또 다른 사고위험","A1","단순사고","2014-06-15","12:43","2014-06-15",126.600414,36.170255,126.60202,36.166606
"264","01149064","현충로 (중대입구3거리 → 국립현충원) 양방면 소통원활","A4","단순정보","2014-06-15","12:42","2014-06-15",126.963735,37.508649,126.963735,37.508649
"265","01149062","경부고속도로 (부산 → 서울) 동탄분기점 500m 못 간 지점 2차로 승용차끼리 5중 추돌사고로 정체","A1","단순사고","2014-06-15","12:39","2014-06-15",127.083622,37.145395,127.094127,37.171659
"266","01149061","[행사안내] “세종대로 보행전용거리” 행사로 광화문3거리에서 세종로4거리방면이 전면통제되고 있으니 참고하시기 바랍니다. (이 통제는 오늘 저녁 7시까지 예정)","B2","행사/집회","2014-06-15","12:23","2014-06-15",126.976641,37.574265,0,0
"267","01149060","서해안고속도로 서울방면 (일직분기점 → 금천나들목) 차량증가로 정체","A4","단순정보","2014-06-15","12:22","2014-06-15",126.895952,37.428197,126.895952,37.428197
"268","01149059","경부고속도로 부산방면 (반포나들목 → 서초나들목) 차량증가로 정체, 반대방면 (동탄분기점부근 2Km구간, 달래내고개 → 서초나들목) 차량증가로 정체","A4","단순정보","2014-06-15","12:22","2014-06-15",127.015325,37.511743,127.015325,37.511743
"269","01149063","경부고속도로 부산방면 (잠원나들목 → 서초나들목) 차량증가로 정체, 동탄분기점 1Km 못 간 지점 1,2차로에 있었던 중앙분리대 들이받고 옆으로 넘어진사고 처리작업 완료, 정상소통, 반대방면 (오산나들목 → 동탄분기점, 양재나들목 → 서초나들목) 차량증가로 정체","A1","단순사고","2014-06-15","12:40","2014-06-15",127.098942,37.219305,0,0
"270","01149058","경부고속도로 (서울 → 부산) 동탄분기점 1Km 못 간 지점 1차로 중앙분리대 들이받고 옆으로 넘어진사고로 정체","A1","단순사고","2014-06-15","12:22","2014-06-15",127.098942,37.219305,127.095449,37.184386
"271","01149057","사평대로 (서울성모병원4거리 → 삼호가든4거리) 서울성모병원4거리 1차로 승용차끼리 추돌사고로 또 다른 사고위험","A1","단순사고","2014-06-15","12:20","2014-06-15",127.003474,37.502037,127.003716,37.502153
"273","01149055","동호대교 (남단 → 북단) 북단부근 1차로에 있었던 시설물보수작업 종료, 정상소통","B1","공사","2014-06-15","12:18","2014-06-15",127.018608,37.540027,0,0
"274","01149054","강남대로 (강남역 → 논현역) 논현역4거리 조금 못 간 지점 3,4차로 막고 건물보수공사를 하고있으니 주의운전 바랍니다.","B1","공사","2014-06-15","12:18","2014-06-15",127.023384,37.507108,0,0
"275","01149053","서부간선도로 안양방면 (목동교 → 오목교) 차량증가로 서행","A4","단순정보","2014-06-15","12:17","2014-06-15",126.890292,37.531127,126.890292,37.531127
"276","01149052","동부간선도로 (의정부 → 성수대교) 중랑교부근 3차로 시설물보수작업으로 사고위험","B1","공사","2014-06-15","12:17","2014-06-15",127.068696,37.597388,0,0
"277","01149051","강변북로 구리방면 (성산대교 → 양화대교) 1차로에 있었던 시설물보수작업 종료","B1","공사","2014-06-15","12:17","2014-06-15",126.901817,37.551113,0,0
"278","01149050","올림픽대로 (하남 → 공항) 동호대교 조금 지난 지점 4차로 승용차끼리 추돌사고로 또 다른 사고위험","A1","단순사고","2014-06-15","12:16","2014-06-15",127.025933,37.533585,127.022771,37.530211
"279","01149049","분당수서로 청담대교방면 (탄천2교 → 청담대교) 올림픽대로 공항방면 진입램프 승용차,승합차 추돌사고로 또 다른 사고위험","A1","단순사고","2014-06-15","12:15","2014-06-15",127.067587,37.512933,127.06754,37.51337
"293","01149035","[행사안내] “세종대로 보행전용거리” 행사로 광화문3거리에서 세종로4거리방면이 전면통제되고 있으니 참고하시기 바랍니다. (이 통제는 오늘 저녁 7시까지 예정)","B2","행사/집회","2014-06-15","12:01","2014-06-15",126.976641,37.574265,0,0
"294","01149034","서해안고속도로 서울방면 (일직분기점 → 금천나들목) 차량증가로 정체","A4","단순정보","2014-06-15","12:00","2014-06-15",126.895952,37.428197,126.895952,37.428197
"295","01149033","서울외곽순환고속도로 판교에서 일산방면 (노오지분기점 → 김포요금소) 차량증가로 정체","A4","단순정보","2014-06-15","12:00","2014-06-15",126.753821,37.572076,126.753821,37.572076
"296","01149032","경부고속도로 부산방면 (잠원나들목 → 서초나들목) 차량증가로 정체, 반대방면 (동탄분기점부근 2Km구간, 달래내고개 → 서초나들목) 차량증가로 정체","A4","단순정보","2014-06-15","11:59","2014-06-15",127.015325,37.511743,127.015325,37.511743
"297","01149031","강남대로 (강남역 → 논현역) 논현역4거리 조금 못 간 지점 3,4차로 막고 건물보수공사를 하고있으니 주의운전 바랍니다.","B1","공사","2014-06-15","11:59","2014-06-15",127.023384,37.507108,0,0
"298","01149030","동호대교 (남단 → 북단) 북단부근 1차로 시설물보수작업으로 정체","B1","공사","2014-06-15","11:58","2014-06-15",127.018608,37.540027,0,0
"299","01149029","동부간선도로 (의정부 → 성수대교) 중랑교부근 3차로 시설물보수작업으로 사고위험, 성동교부근 차량증가로 정체","B1","공사","2014-06-15","11:58","2014-06-15",127.068696,37.597388,0,0
"300","01149028","강변북로 구리방면 (성산대교 → 양화대교) 1차로 시설물보수작업으로 사고위험","B1","공사","2014-06-15","11:58","2014-06-15",126.901817,37.551113,0,0
"301","01149027","동호로 (동호대교남단 → 약수역) 차량증가로 정체","A4","단순정보","2014-06-15","11:51","2014-06-15",127.017592,37.541533,127.017592,37.541533
"307","01149021","[행사안내] “세종대로 보행전용거리” 행사로 광화문3거리에서 세종로4거리방면이 전면통제되고 있으니 참고하시기 바랍니다. (이 통제는 오늘 저녁 7시까지 예정)","B2","행사/집회","2014-06-15","11:45","2014-06-15",126.976641,37.574265,0,0
"308","01149020","도봉로 (미아역 → 삼양입구4거리) 삼양입구4거리부근 1차로 버스,오토바이 추돌사고로 또 다른 사고위험","A1","단순사고","2014-06-15","11:45","2014-06-15",127.02791,37.621698,127.02964,37.61739
"312","01149016","중앙로 (목동10단지 → 신정네거리역) 신정네거리역 조금 못 간 지점 2차로 택시관련 추돌사고로 또 다른 사고위험","A1","단순사고","2014-06-15","11:42","2014-06-15",126.853834,37.518165,126.853409,37.519012
"315","01149013","서해안고속도로 서울방면 (일직분기점 → 금천나들목) 차량증가로 정체","A4","단순정보","2014-06-15","11:41","2014-06-15",126.895952,37.428197,126.895952,37.428197
"316","01149012","경인고속도로 (인천 → 서울) 신월나들목부근 1Km구간 차량증가로 정체","A4","단순정보","2014-06-15","11:40","2014-06-15",126.780317,37.523954,126.780317,37.523954
"317","01149011","서울외곽순환고속도로 판교에서 일산방면 (노오지분기점 → 김포요금소) 차량증가로 정체","A4","단순정보","2014-06-15","11:40","2014-06-15",126.753821,37.572076,126.753821,37.572076
"318","01149010","경부고속도로 부산방면 (잠원나들목 → 서초나들목) 차량증가로 정체, 반대방면 (동탄분기점부근 2Km구간, 달래내고개 → 서초나들목) 차량증가로 정체","A4","단순정보","2014-06-15","11:40","2014-06-15",127.015325,37.511743,127.015325,37.511743
"321","01149007","양재대로 (길동4거리 → 굽은다리역) 굽은다리역부근 3차로 택시관련 추돌사고로 또 다른 사고위험","A1","단순사고","2014-06-15","11:37","2014-06-15",127.14272,37.545092,127.142965,37.545599
"322","01149006","동호대교 (남단 → 북단) 북단부근 1차로 시설물보수작업으로 정체","B1","공사","2014-06-15","11:37","2014-06-15",127.018608,37.540027,0,0
"323","01149005","강남대로 (강남역 → 논현역) 논현역4거리 조금 못 간 지점 3,4차로 막고 건물보수공사를 하고있으니 주의운전 바랍니다.","B1","공사","2014-06-15","11:36","2014-06-15",127.023384,37.507108,0,0
"324","01149004","동부간선도로 성수대교방면 (상계교 → 녹천교) 차량증가로 정체,서행, 중랑교부근 3차로 시설물보수작업으로 정체, (장안철교 → 성동교) 차량증가로 정체","B1","공사","2014-06-15","11:36","2014-06-15",127.068696,37.597388,0,0
"325","01149003","북부간선도로 구리방면 (묵동나들목 → 구리시계) 차량증가로 정체, 반대방면 (월릉램프 → 하월곡램프) 차량증가로 서행","A4","단순정보","2014-06-15","11:35","2014-06-15",127.106291,37.614507,127.106291,37.614507
"326","01149002","올림픽대로 공항방면 (성수대교 → 동호대교) 차량증가로 서행","A4","단순정보","2014-06-15","11:35","2014-06-15",127.029303,37.534306,127.029303,37.534306
"327","01149001","강변북로 구리방면 (성산대교 → 양화대교) 1차로 시설물보수작업으로 사고위험","B1","공사","2014-06-15","11:35","2014-06-15",126.901817,37.551113,0,0
"328","01149000","청원-상주간고속도로 (청원분기점 → 낙동분기점) 양방면 소통원활","A4","단순정보","2014-06-15","11:26","2014-06-15",127.43661,36.563653,127.43661,36.563653
"329","01148999","[행사안내] “세종대로 보행전용거리” 행사로 광화문3거리에서 세종로4거리방면이 전면통제되고 있으니 참고하시기 바랍니다. (이 통제는 오늘 저녁 7시까지 예정)","B2","행사/집회","2014-06-15","11:24","2014-06-15",126.976641,37.574265,0,0
"330","01148998","서해안고속도로 서울방면 (일직분기점 → 금천나들목) 차량증가로 정체","A4","단순정보","2014-06-15","11:22","2014-06-15",126.895952,37.428197,126.895952,37.428197
"331","01148997","경인고속도로 (인천 → 서울) 신월나들목부근 1Km구간 차량증가로 정체","A4","단순정보","2014-06-15","11:21","2014-06-15",126.780317,37.523954,126.780317,37.523954
"332","01148996","서울외곽순환고속도로 판교에서 일산방면 (계양나들목 → 김포요금소) 차량증가로 정체","A4","단순정보","2014-06-15","11:20","2014-06-15",126.753821,37.572076,126.753821,37.572076
"333","01148995","경부고속도로 부산방면 (잠원나들목 → 서초나들목) 차량증가로 정체, 반대방면 (달래내고개 → 서초나들목) 차량증가로 정체","A4","단순정보","2014-06-15","11:20","2014-06-15",127.015325,37.511743,127.015325,37.511743
"334","01148994","강남대로 (강남역 → 논현역) 논현역4거리 조금 못 간 지점 3,4차로 막고 건물보수공사를 하고있으니 주의운전 바랍니다.","B1","공사","2014-06-15","11:18","2014-06-15",127.023384,37.507108,0,0
"335","01148993","동호대교 (남단 → 북단) 북단부근 1차로 시설물보수작업으로 정체","B1","공사","2014-06-15","11:18","2014-06-15",127.018608,37.540027,0,0
"336","01148992","밤고개로 (수서나들목 → 세곡동4거리) 수서역 100m 지난 지점 3차로 승합차고장으로 사고위험","A1","단순사고","2014-06-15","11:18","2014-06-15",127.101414,37.48728,127.102797,37.486051
"337","01148991","동부간선도로 성수대교방면 (창동교 → 녹천교) 차량증가로 정체, 중랑교부근 3차로 시설물보수작업으로 정체, 반대방면 (월계1교 → 창동교) 차량증가로 서행","B1","공사","2014-06-15","11:17","2014-06-15",127.068696,37.597388,0,0
"338","01148990","북부간선도로 구리방면 (묵동나들목 → 구리시계) 차량증가로 정체, 반대방면 (월릉램프 → 하월곡램프) 차량증가로 서행","A4","단순정보","2014-06-15","11:16","2014-06-15",127.106291,37.614507,127.106291,37.614507
"339","01148989","강변북로 구리방면 (성산대교 → 양화대교) 1차로 시설물보수작업으로 정체","B1","공사","2014-06-15","11:15","2014-06-15",126.901817,37.551113,0,0
"352","01148976","[행사안내] “세종대로 보행전용거리” 행사로 광화문3거리에서 세종로4거리방면이 전면통제되고 있으니 참고하시기 바랍니다. (이 통제는 오늘 저녁 7시까지 예정)","B2","행사/집회","2014-06-15","11:03","2014-06-15",126.976641,37.574265,0,0
"353","01148975","서해안고속도로 서울방면 (일직분기점 → 금천나들목) 차량증가로 정체, 반대방면 금천나들목부근 차량증가로 정체","A4","단순정보","2014-06-15","10:58","2014-06-15",126.895952,37.428197,126.895952,37.428197
"354","01148974","경인고속도로 서울방면 (부천나들목 → 신월나들목) 차량증가로 정체","A4","단순정보","2014-06-15","10:58","2014-06-15",126.780317,37.523954,126.780317,37.523954
"355","01148973","동호대교 (남단 → 북단) 북단부근 1차로 시설물보수작업으로 정체","B1","공사","2014-06-15","10:58","2014-06-15",127.018608,37.540027,0,0
"356","01148972","경부고속도로 부산방면 (잠원나들목 → 서초나들목) 차량증가로 정체, 대전나들목부근 3차로와 갓길에 있었던 화물차가 싣고있던 화물(건축자재물)을 도로에 쏟은사고 처리작업 완료, 정상소통, 반대방면 (양재나들목 → 서초나들목) 차량증가로 정체","A1","단순사고","2014-06-15","10:57","2014-06-15",127.015325,37.511743,127.452434,36.361613
"357","01148971","서오릉로 (역촌4거리 → 구산4거리) 구산역4거리 3차로에 있었던 시설물보수작업 종료, 정상소통","B1","공사","2014-06-15","10:57","2014-06-15",126.917315,37.611217,0,0
"358","01148970","강남대로 (강남역 → 논현역) 논현역4거리 조금 못 간 지점 3,4차로 막고 건물보수공사를 하고있으니 주의운전 바랍니다.","B1","공사","2014-06-15","10:57","2014-06-15",127.023384,37.507108,0,0
"359","01148969","분당수서로 청담대교방면 (수서나들목 → 탄천1교) 차량증가로 서행","A4","단순정보","2014-06-15","10:57","2014-06-15",127.098966,37.493512,127.098966,37.493512
"360","01148968","동부간선도로 성수대교방면 (상계교 → 녹천교) 차량증가로 정체, 중랑교부근 3차로 시설물보수작업으로 정체","B1","공사","2014-06-15","10:56","2014-06-15",127.068696,37.597388,0,0
"361","01148967","동부간선도로 (성수대교 → 의정부) 중랑교 조금 지난 지점 1차로에 있었던 시설물 보수작업 종료, (한천교 → 창동교) 차량증가로 정체","B1","공사","2014-06-15","10:55","2014-06-15",127.055491,37.650374,0,0
"362","01148966","북부간선도로 구리방면 (묵동나들목 → 구리시계) 차량증가로 정체, 반대방면 (월릉램프 → 하월곡램프) 차량증가로 정체","A4","단순정보","2014-06-15","10:55","2014-06-15",127.106291,37.614507,127.106291,37.614507
"363","01148965","강변북로 구리방면 (성산대교 → 양화대교) 1차로 시설물보수작업으로 정체","B1","공사","2014-06-15","10:54","2014-06-15",126.901817,37.551113,0,0
"364","01148964","서울외곽순환고속도로 (판교 → 일산) 김포요금소부근 2차로에 있었던 추돌사고 처리작업 완료, 여파로 5Km구간 정체","A1","단순사고","2014-06-15","10:45","2014-06-15",126.753821,37.572076,0,0
"365","01148963","[행사안내] “세종대로 보행전용거리” 행사로 광화문3거리에서 세종로4거리방면이 전면통제되고 있으니 참고하시기 바랍니다. (이 통제는 오늘 저녁 7시까지 예정)","B2","행사/집회","2014-06-15","10:44","2014-06-15",126.976641,37.574265,0,0
"366","01148962","중부내륙고속도로 (마산 → 양평) 낙동분기점 1Km 지난 지점 하위차로 승용차고장으로 사고위험","A1","단순사고","2014-06-15","10:43","2014-06-15",128.239475,36.372859,128.239514,36.373906
"378","01148950","동호대교 (남단 → 북단) 북단부근 1차로 시설물보수작업으로 정체","B1","공사","2014-06-15","10:38","2014-06-15",127.018608,37.540027,0,0
"379","01148949","서오릉로 (역촌4거리 → 구산4거리) 구산역4거리 3차로 시설물보수작업으로 사고위험","B1","공사","2014-06-15","10:37","2014-06-15",126.917315,37.611217,0,0
"380","01148948","강남대로 (강남역 → 논현역) 논현역4거리 조금 못 간 지점 3,4차로 막고 건물보수공사를 하고있으니 주의운전 바랍니다.","B1","공사","2014-06-15","10:36","2014-06-15",127.023384,37.507108,0,0
"381","01148947","동부간선도로 성수대교방면 (노원교 → 녹천교) 차량증가로 정체, 중랑교부근 3차로 시설물보수작업으로 사고위험","B1","공사","2014-06-15","10:36","2014-06-15",127.068696,37.597388,127.068893,37.594243
"382","01148946","북부간선도로 구리방면 (묵동나들목 → 구리시계) 차량증가로 정체, 반대방면 (월릉램프 → 하월곡램프) 차량증가로 서행","A4","단순정보","2014-06-15","10:35","2014-06-15",127.106291,37.614507,127.106291,37.614507
"383","01148945","강변북로 구리방면 (성산대교 → 양화대교) 1차로 시설물보수작업으로 정체","B1","공사","2014-06-15","10:35","2014-06-15",126.901817,37.551113,0,0
"384","01148944","경부고속도로 부산방면 (한남나들목 → 서초나들목) 차량증가로 정체, 대전나들목부근 3차로와 갓길 화물차가 싣고있던 화물(건축자재물)을 도로에 쏟은사고 처리작업으로 또 다른 사고위험, 반대방면 (양재나들목 → 서초나들목) 차량증가로 정체","A1","단순사고","2014-06-15","10:35","2014-06-15",127.015325,37.511743,127.452434,36.361613
"385","01148943","동부간선도로 (성수대교 → 의정부) 중랑교 조금 지난 지점 1차로 시설물보수작업으로 사고위험, (녹천교 → 창동교) 1차로에 있었던 시설물보수작업 종료, 여파로 월릉교부터 정체","B1","공사","2014-06-15","10:34","2014-06-15",127.055491,37.650374,0,0
"386","01148942","서해안고속도로 (목포 → 서울) 금천나들목부근 2Km구간 차량증가로 정체, 반대방면 금천나들목부근 차량증가로 정체","A4","단순정보","2014-06-15","10:34","2014-06-15",126.895952,37.428197,126.895952,37.428197
"387","01148941","경인고속도로 (인천 → 서울) 신월나들목부근 차량증가로 정체","A4","단순정보","2014-06-15","10:33","2014-06-15",126.780317,37.523954,126.780317,37.523954
"388","01148940","서울외곽순환고속도로 (판교 → 일산) 김포요금소부근 2차로 추돌사고 처리작업으로 2Km구간 정체","A1","단순사고","2014-06-15","10:31","2014-06-15",126.753821,37.572076,126.765507,37.59089
"389","01148939","[행사안내] “세종대로 보행전용거리” 행사로 광화문3거리에서 세종로4거리방면이 전면통제되고 있으니 참고하시기 바랍니다. (이 통제는 오늘 저녁 7시까지 예정)","B2","행사/집회","2014-06-15","10:24","2014-06-15",126.976641,37.574265,0,0
"390","01148938","서울외곽순환고속도로 (판교 → 일산) 청계터널 조금 지난 지점 갓길 승용차끼리 3중 추돌사고 처리작업으로 정체","A1","단순사고","2014-06-15","10:24","2014-06-15",127.089617,37.404185,127.033923,37.3941
"391","01148937","동호대교 (남단 → 북단) 북단부근 1차로 시설물보수작업으로 정체","B1","공사","2014-06-15","10:19","2014-06-15",127.018608,37.540027,0,0
"392","01148936","서오릉로 (역촌4거리 → 구산4거리) 구산역4거리 3차로 시설물보수작업으로 사고위험","B1","공사","2014-06-15","10:18","2014-06-15",126.917315,37.611217,0,0
"393","01148935","강남대로 (강남역 → 논현역) 논현역4거리 조금 못 간 지점 3,4차로 막고 건물보수공사를 하고있으니 주의운전 바랍니다.","B1","공사","2014-06-15","10:18","2014-06-15",127.023384,37.507108,0,0
"394","01148934","서부간선도로 (성산대교 → 안양) 오목교 조금 지난 지점에 있었던 승용차끼리 추돌사고 처리작업 완료, 여파로 정체","A1","단순사고","2014-06-15","10:17","2014-06-15",126.881577,37.522029,126.882249,37.516424
"395","01148933","동부간선도로 (성수대교 → 의정부) 중랑교 조금 지난 지점 1차로 시설물보수작업으로 사고위험, (녹천교 → 창동교) 1차로 시설물보수작업으로 월릉교부터 정체, 반대방면 (상계교 → 녹천교) 차량증가로 정체","B1","공사","2014-06-15","10:16","2014-06-15",127.055491,37.650374,0,0
"396","01148932","북부간선도로 구리방면 (묵동나들목 → 구리시계) 차량증가로 정체","A4","단순정보","2014-06-15","10:15","2014-06-15",127.106291,37.614507,127.106291,37.614507
"397","01148931","올림픽대로 (하남 → 공항) 가양대교 조금 못 간 지점에 있었던 시설물보수작업 종료, 정상소통","B1","공사","2014-06-15","10:15","2014-06-15",126.865876,37.561597,0,0
"398","01148930","경부고속도로 부산방면 (한남나들목 → 서초나들목) 차량증가로 정체, 대전나들목부근 3차로와 갓길 화물차가 싣고있던 화물(건축자재물)을 도로에 쏟은사고 처리작업으로 또 다른 사고위험, 반대방면 (양재나들목 → 서초나들목) 차량증가로 정체","A1","단순사고","2014-06-15","10:15","2014-06-15",127.015325,37.511743,127.452434,36.361613
"399","01148929","강변북로 구리방면 (성산대교 → 양화대교) 1차로 시설물보수작업으로 서행","B1","공사","2014-06-15","10:15","2014-06-15",126.901817,37.551113,0,0
"405","01148923","경부고속도로 (도동분기점 → 김천분기점) 양방면 소통원활","A4","단순정보","2014-06-15","10:11","2014-06-15",128.65629,35.914529,128.65629,35.914529
"413","01148915","서부간선도로 안양방면 (목동교 → 오목교) 차량증가로 정체","A4","단순정보","2014-06-15","10:05","2014-06-15",126.887986,37.528331,126.887986,37.528331
"414","01148914","[행사안내] “세종대로 보행전용거리” 행사로 광화문3거리에서 세종로4거리방면이 전면통제되고 있으니 참고하시기 바랍니다. (이 통제는 오늘 저녁 7시까지 예정)","B2","행사/집회","2014-06-15","10:04","2014-06-15",126.976641,37.574265,0,0
"415","01148913","도림로 (도림4거리 → 문래공원4거리) 문래동4거리 조금 지난 지점 하위차로 도로포장공사로 사고위험","B1","공사","2014-06-15","10:01","2014-06-15",126.896804,37.513403,126.896362,37.513646
"416","01148912","동호대교 (남단 → 북단) 북단부근 1차로 시설물보수작업으로 정체","B1","공사","2014-06-15","09:54","2014-06-15",127.018608,37.540027,127.01835,37.540457
"417","01148911","노들로 (한강대교 → 성산대교) 여의교 조금 지난 지점 1차로에 있었던 승용차끼리 추돌사고 처리작업 완료, 사고지점 조금 지난 지점 2차로 시설물보수작업으로 사고위험","A1","단순사고","2014-06-15","09:53","2014-06-15",126.926119,37.514757,0,0
"418","01148910","서오릉로 (역촌4거리 → 구산4거리) 구산역4거리 3차로 시설물보수작업으로 사고위험","B1","공사","2014-06-15","09:52","2014-06-15",126.917315,37.611217,0,0
"419","01148909","강남대로 (강남역 → 논현역) 논현역4거리 조금 못 간 지점 3,4차로 막고 건물보수공사를 하고있으니 주의운전 바랍니다.","B1","공사","2014-06-15","09:52","2014-06-15",127.023384,37.507108,0,0
"420","01148908","경부고속도로 부산방면 (잠원나들목 → 서초나들목) 차량증가로 정체, 대전나들목부근 3차로와 갓길 화물차가 싣고있던 화물(건축자재물)을 도로에 쏟은사고 처리작업으로 또 다른 사고위험","A1","단순사고","2014-06-15","09:51","2014-06-15",127.015325,37.511743,127.448327,36.366089
"421","01148907","서부간선도로 (성산대교 → 안양) 오목교 조금 지난 지점 2차로 승용차끼리 추돌사고로 정체, 신정교부근1차로 시설물보수작업으로 사고위험, 반대방면 (양평교 → 성산대교) 차량증가로","A1","단순사고","2014-06-15","09:51","2014-06-15",126.881577,37.522029,126.882306,37.517017
"422","01148906","동부간선도로 의정부방면 (녹천교 → 창동교) 1차로 시설물보수작업으로 월릉교부터 정체, 반대방면 (상계교 → 녹천교) 차량증가로 정체","B1","공사","2014-06-15","09:50","2014-06-15",127.055491,37.650374,0,0
"423","01148905","북부간선도로 구리방면 (묵동나들목 → 구리시계) 차량증가로 정체","A4","단순정보","2014-06-15","09:50","2014-06-15",127.106291,37.614507,127.106291,37.614507
"424","01148904","올림픽대로 (하남 → 공항) 가양대교 조금 못 간 지점 1차로 시설물보수작업으로 사고위험","B1","공사","2014-06-15","09:50","2014-06-15",126.865876,37.561597,0,0
"425","01148903","강변북로 구리방면 (성산대교 → 양화대교) 1차로 시설물보수작업으로 서행","B1","공사","2014-06-15","09:49","2014-06-15",126.901817,37.551113,126.90223,37.550817
"426","01148902","[행사안내] “세종대로 보행전용거리” 행사로 광화문3거리에서 세종로4거리방면이 전면통제되고 있으니 참고하시기 바랍니다. (이 통제는 오늘 저녁 7시까지 예정)","B2","행사/집회","2014-06-15","09:46","2014-06-15",126.976641,37.574265,0,0
"427","01148901","[행사안내] 세종대로 광화문광장을 출발한 '2014 하이서울 자전거 대행진' 참가자들이 상암동 평화의공원에 모두 도착을 하였습니다. 통제가 되었던 세종대로, 한강대로, 강변북로, 가양대로, 월드컵로, 증산로 등 차량통행에 지장이 없으니 참고하시기 바랍니다.","B2","행사/집회","2014-06-15","09:45","2014-06-15",126.892735,37.566804,0,0
"440","01148888","경부고속도로 (경주나들목 → 도동분기점) 양방면 소통원활","A4","단순정보","2014-06-15","09:39","2014-06-15",129.182738,35.810103,129.182738,35.810103
"441","01148887","노들로 (한강대교 → 성산대교) 여의교 조금 지난 지점 1차로 승용차끼리 추돌사고로 정체, 사고지점 조금 지난 지점 2차로 시설물보수작업으로 사고위험","A1","단순사고","2014-06-15","09:33","2014-06-15",126.926119,37.514757,126.924426,37.515258
"442","01148886","서오릉로 (역촌4거리 → 구산4거리) 구산역4거리 3차로 시설물보수작업으로 사고위험","B1","공사","2014-06-15","09:30","2014-06-15",126.917315,37.611217,126.917352,37.611211
"443","01148885","경부고속도로 (서울 → 부산) 대전나들목부근 3차로와 갓길 화물차가 싣고있던 화물(건축자재물)을 도로에 쏟은사고 처리작업으로 또 다른 사고위험","A1","단순사고","2014-06-15","09:29","2014-06-15",127.452434,36.361613,0,0
"444","01148883","동호로 (동호대교 → 약수역) 옥수역부근 1차로 시설물보수작업으로 정체","B1","공사","2014-06-15","09:28","2014-06-15",127.018608,37.540027,127.017965,37.54098
"445","01148882","서부간선도로 (성산대교 → 안양) 신정교 조금 못 간 지점 1차로 시설물보수작업으로 목동교 이전부터 정체, 반대방면 (양평교 → 성산대교) 차량증가로 서행","B1","공사","2014-06-15","09:26","2014-06-15",126.881577,37.522029,0,0
"446","01148881","동부간선도로 의정부방면 (녹천교 → 창동교) 1차로 시설물보수작업으로 월계1교부터 정체, 반대방면 (상계교 → 녹천교) 차량증가로 정체","B1","공사","2014-06-15","09:26","2014-06-15",127.055491,37.650374,0,0
"447","01148884","강남대로 (강남역 → 논현역) 논현역4거리 조금 못 간 지점 3,4차로 막고 건물보수공사를 하고있으니 주의운전 바랍니다.","B1","공사","2014-06-15","09:29","2014-06-15",127.023384,37.507108,0,0
"448","01148880","올림픽대로 (하남 → 공항) 가양대교 조금 못 간 지점 1차로 시설물보수작업으로 사고위험","B1","공사","2014-06-15","09:25","2014-06-15",126.865876,37.561597,0,0
"449","01148879","[행사안내] “세종대로 보행전용거리” 행사로 광화문3거리에서 세종로4거리방면이 전면통제되고 있으니 참고하시기 바랍니다. (이 통제는 오늘 저녁 7시까지 예정)","B2","행사/집회","2014-06-15","09:23","2014-06-15",126.976641,37.574265,0,0
"450","01148878","[행사안내] 세종대로 광화문광장을 출발한 '2014 하이서울 자전거 대행진'이 진행중에 있습니다. 참가자들이 강변북로 난지나들목에서 가양대교를 지나 가양대로, 월드컵로를 이용하여 이동하고 있으니 코스구간 이용하실분은 참고바랍니다.(*코스 : 광화문광장→서울역→용산역→한강대교 강변북로진입(한강대교~가양대교)→구룡4거리→월드컵공원→평화의광장)","B2","행사/집회","2014-06-15","09:22","2014-06-15",126.892735,37.566804,0,0
"451","01148877","42번국도 시흥시 목감지하차도 양방면 지하차도 폐쇄로 통제되고있으니 참고운행하시기 바랍니다. (공사기간 : 4월 15일, 15시부터 10월말까지)","B1","공사","2014-06-15","09:21","2014-06-15",126.866348,37.383509,126.866417,37.383602
"452","01148876","[공사안내] 과천대로 대공원4거리에서 남태령역방면 남태령지하차도 보수공사로 편도 2개차로 전면통제후 상부도로로 우회통행 *공사기간 : 5월 7일부터 6월 20일까지 (24시간 공사)","B1","공사","2014-06-15","09:20","2014-06-15",126.998,37.442485,0,0
"454","01148874","[공사안내] 신월로 신정네거리역4거리에서 강월초등학교구간 신월지하차도 양방면 평면화공사로 전면통제후 상부도로로 우회통행 *공사기간 : 4월 14일 오전 11시부터 6월 30일까지 (24시간공사)","B1","공사","2014-06-15","09:19","2014-06-15",126.83831,37.516573,126.838251,37.516745
"455","01148872","[공사안내] 양녕로 한강대교에서 상도역방면 상도터널 보수공사로 편도 2개차로 전면통제후 반대방면으로 교행통행 *공사기간 : 4월 15일부터 6월 23일까지, 밤 11시부터 다음날 아침 6시까지","B1","공사","2014-06-15","09:16","2014-06-15",126.953124,37.510877,0,0
"456","01148871","[공사안내] 내부순환로 홍지문터널 양방면 배수시설 교체공사로 편도 3개차로중 1개차로 부분통제 *공사기간 : 4월 23일부터 6월 30일까지, 밤 11시부터 다음날 아침 6시까지","B1","공사","2014-06-15","09:15","2014-06-15",126.956715,37.595786,126.956682,37.595928
"457","01148873","서부간선도로 (성산대교 → 안양) 신정교 조금 못 간 지점 1차로 시설물보수작업으로 목동교 이전부터 정체","B1","공사","2014-06-15","09:18","2014-06-15",126.881577,37.522029,126.882066,37.518575
"458","01148870","[공사안내] 노들로 여의2교에서 한강대교방면 신길역부근 도시가스관 이설공사로 편도 2개차로중 1개차로 부분통제 *공사기간 : 5월 12일부터 6월 19일까지, 밤 11시부터 다음날 아침 6시까지","B1","공사","2014-06-15","09:15","2014-06-15",126.91351,37.521701,0,0
"459","01148869","[공사안내] 서울외곽순환고속도로 구리에서 일산방면 장암대교부터 호원1교구간 호원나들목 건설공사에 따른 방호벽 설치공사로 편도 4개차로중 1개차로 부분통제 *공사기간 : 6월 1일부터 6월 26일까지 (24시간)","B1","공사","2014-06-15","09:14","2014-06-15",127.04822,37.697284,0,0
"460","01148868","[공사안내] 분당수서로 탄천2고가교 (양재천구간) 양방면 정밀안전진단 작업으로 편도 3개차로중 1개차로 부분통제 *공사기간 : 6월 16일부터 6월 17일까지, 밤 11시부터 다음날 새벽 5시까지","B1","공사","2014-06-15","09:13","2014-06-15",127.063194,37.521751,127.068051,37.508418
"461","01148867","[공사안내] 분당수서로 탄천2고가교 (강남경찰서구간) 양방면 정밀안전진단 작업으로 편도 3개차로중 1개차로 부분통제 *공사기간 : 6월 18일부터 6월 19일까지, 밤 11시부터 다음날 새벽 5시까지","B1","공사","2014-06-15","09:12","2014-06-15",127.063194,37.521751,127.068051,37.508418
"462","01148866","[공사안내] 삼일대로 퇴계로2가에서 남산1호터널방면 남산1호터널 소화전배관 교체공사로 편도 2개차로중 1개차로 부분통제 *공사기간 : 6월 16일부터 9월 27일까지, 밤 10시 30분부터 다음날 아침 6시 30분까지","B1","공사","2014-06-15","09:11","2014-06-15",126.992796,37.555634,0,0
"463","01148865","[공사안내] 하남시 조정대로 황산4거리에서 미사리조정경기장방면 황산4거리 800m 지난 지점 열배관공사로 편도 4개차로중 1～2개차로 부분통제 *공사기간 : 6월 18일부터 12월 30일까지, 주간) 오전 9시부터 오후 6시까지, 야간) 밤 10시부터 다음날 아침 6시까지","B1","공사","2014-06-15","09:11","2014-06-15",127.186646,37.550692,0,0
"464","01148864","[공사안내] 강변북로 가양대교에서 구리방면 성산대교 500m 지난 지점 망원초록길 조성공사중 지하차도 구조물 방수공사로 편도 5개차로중 1개차로 부분통제 *공사기간 : 6월 15일, 오전 7시부터 오후 4시까지","B1","공사","2014-06-15","09:10","2014-06-15",126.899347,37.552942,0,0
"465","01148863","올림픽대로 (하남 → 공항) 가양대교 조금 못 간 지점 1차로 시설물보수작업으로 사고위험","B1","공사","2014-06-15","09:07","2014-06-15",126.865876,37.561597,126.863965,37.562673
"466","01148862","올림픽대로 (하남 → 공항) 노량진수산시장부근 4차로 화물차고장으로 사고위험","A1","단순사고","2014-06-15","09:05","2014-06-15",126.944934,37.517674,126.939018,37.516564
"467","01148861","경부고속도로 (서울 → 부산) 대전나들목부근 3차로와 갓길 화물차가 싣고있던 화물(건축자재물)을 도로에 쏟은사고 처리작업으로 또 다른 사고위험","A1","단순사고","2014-06-15","09:03","2014-06-15",127.103189,37.364664,127.477148,36.345992
"468","01148860","동부간선도로 의정부방면 (녹천교 → 창동교) 1차로 시설물보수작업으로 월계1교부터 정체","B1","공사","2014-06-15","09:03","2014-06-15",127.055491,37.650374,0,0
"469","01148859","강남대로 (강남역 → 논현역) 논현역4거리 조금 못 간 지점 3,4차로 막고 건물보수공사를 하고있으니 주의운전 바랍니다.","B1","공사","2014-06-15","09:01","2014-06-15",127.023384,37.507108,127.021962,37.51009
"470","01148858","[행사안내] “세종대로 보행전용거리” 행사로 광화문3거리에서 세종로4거리방면이 전면통제되고 있으니 참고하시기 바랍니다. (이 통제는 오늘 저녁 7시까지 예정)","B2","행사/집회","2014-06-15","09:00","2014-06-15",126.976641,37.574265,126.976683,37.573635
"471","01148857","[행사안내] 세종대로 광화문광장을 출발한 '2014 하이서울 자전거 대행진'이 진행중에 있습니다. 현재 참가인원들의 선두는 도착장소인 평화의광장에 진입하였고, 후미는 강변북로 서강대교에서 가양대교방면으로 진행방향 전차로를 막고 이동하고 있으니 코스구간 이용하실분은 참고바랍니다.(*코스 : 광화문광장→서울역→용산역→한강대교 강변북로진입(한강대교~가양대교)→구룡4거리→월드컵공원→평화의광장)","B2","행사/집회","2014-06-15","08:59","2014-06-15",126.892735,37.566804,0,0
"472","01148856","경부고속도로 (서울 → 부산) 서울요금소 하이패스 3차로에 있었던 승용차사고 처리작업은 모두 끝나 정상소통, 같은방면 대전나들목부근 3차로와 갓길 도로에 떨어진 화물(건축자재물)을 치우는 작업으로 사고위험","A1","단순사고","2014-06-15","08:43","2014-06-15",127.103189,37.364664,127.477148,36.345992
"473","01148855","동부간선도로 의정부방면 (마들지하차도 → 창동교) 1차로 시설물보수작업으로 사고위험","B1","공사","2014-06-15","08:41","2014-06-15",127.055491,37.650374,127.055425,37.650824
"474","01148854","올림픽대로 공항방면 (성산대교 → 가양대교) 1차로 시설물보수작업으로 사고위험","B1","공사","2014-06-15","08:40","2014-06-15",126.889318,37.547336,126.88249,37.551614
"475","01148853","[행사안내] 세종대로 광화문광장을 출발한 '2014 하이서울 자전거 대행진'이 진행중에 있습니다. 현재 참가인원들의 선두는 도착장소인 평화의광장에 진입하였고, 후미는 한강대로 서울역에서 한강대교방면으로 진행방향 전차로를 막고 이동하고 있으니 코스구간 이용하실분은 참고바랍니다.(*코스 : 광화문광장→서울역→용산역→한강대교 강변북로진입(한강대교~가양대교)→구룡4거리→월드컵공원→평화의광장)","B2","행사/집회","2014-06-15","08:38","2014-06-15",126.892735,37.566804,126.892317,37.565447
"476","01148852","[행사안내] 세종대로 광화문광장을 출발한 '2014 하이서울 자전거 대행진'이 진행중에 있습니다. 현재 참가인원들의 선두는 강변북로 원효대교에서 성산대교방면으로, 후미는 세종대로 서울광장에서 서울역방면으로 진행방향 전차로를 막고 이동하고 있으니 코스구간 이용하실분은 참고바랍니다.(*코스 : 광화문광장→서울역→용산역→한강대교 강변북로진입(한강대교~가양대교)→구룡4거리→월드컵공원→평화의광장)","B2","행사/집회","2014-06-15","08:22","2014-06-15",126.976976,37.567125,0,0
"477","01148851","[행사안내] “세종대로 보행전용거리” 행사로 광화문3거리에서 세종로4거리방면이 전면통제되고 있으니 참고하시기 바랍니다. (이 통제는 오늘 저녁 7시까지 예정)","B2","행사/집회","2014-06-15","08:19","2014-06-15",126.976867,37.569161,0,0
"478","01148849","경부고속도로 (서울 → 부산) 서울요금소 하이패스 3차로 승용차사고로 사고위험, 같은방면 대전나들목부근 3차로와 갓길 도로에 떨어진 화물(건축자재물)을 치우는 작업으로 사고위험","A1","단순사고","2014-06-15","08:14","2014-06-15",127.103189,37.364664,127.453576,36.360292
"479","01148848","[공사안내] 강변북로 가양대교에서 구리방면 성산대교 500m 지난 지점 망원초록길 조성공사중 지하차도 구조물 방수공사로 편도 5개차로중 1개차로 부분통제 *공사기간 : 6월 15일, 오전 7시부터 오후 4시까지","B1","공사","2014-06-15","08:12","2014-06-15",126.899347,37.552942,0,0
"480","01148847","[공사안내] 하남시 조정대로 황산4거리에서 미사리조정경기장방면 황산4거리 800m 지난 지점 열배관공사로 편도 4개차로중 1～2개차로 부분통제 *공사기간 : 6월 18일부터 12월 30일까지, 주간) 오전 9시부터 오후 6시까지, 야간) 밤 10시부터 다음날 아침 6시까지","B1","공사","2014-06-15","08:12","2014-06-15",127.186646,37.550692,0,0
"481","01148846","[공사안내] 삼일대로 퇴계로2가에서 남산1호터널방면 남산1호터널 소화전배관 교체공사로 편도 2개차로중 1개차로 부분통제 *공사기간 : 6월 16일부터 9월 27일까지, 밤 10시 30분부터 다음날 아침 6시 30분까지","B1","공사","2014-06-15","08:11","2014-06-15",126.992796,37.555634,0,0
"482","01148850","[집회소식] 독립공원 앞에 오후 2시부터 오후 5시까지 전쟁반대 평화실현 국민행동, 6.15 공동선언 14주년 기념행사로 약 500여명이 모일예정 (행진 : 독립공원→서대문역→의주R→서소문로→서울광장(약 2.4km구간, 1개차로 이용, 300명 미만시 인도이용)","B2","행사/집회","2014-06-15","08:17","2014-06-15",126.955495,37.576586,126.958094,37.57394
"483","01148845","[공사안내] 남부순환로 공항입구지하차도 양방면 도로포장공사로 편도 2개차로중 1개차로 부분통제 *공사기간 : 6월 14일부터 6월 15일까지, 밤 11시부터 다음날 아침 6시까지","B1","공사","2014-06-15","08:11","2014-06-15",126.807215,37.561723,126.807035,37.561689
"484","01148844","[공사안내] 분당수서로 탄천2고가교 (강남경찰서구간) 양방면 정밀안전진단 작업으로 편도 3개차로중 1개차로 부분통제 *공사기간 : 6월 18일부터 6월 19일까지, 밤 11시부터 다음날 새벽 5시까지","B1","공사","2014-06-15","08:11","2014-06-15",127.063194,37.521751,127.068051,37.508418
"485","01148843","[공사안내] 분당수서로 탄천2고가교 (양재천구간) 양방면 정밀안전진단 작업으로 편도 3개차로중 1개차로 부분통제 *공사기간 : 6월 16일부터 6월 17일까지, 밤 11시부터 다음날 새벽 5시까지","B1","공사","2014-06-15","08:10","2014-06-15",127.063194,37.521751,127.068051,37.508418
"486","01148842","[공사안내] 서울외곽순환고속도로 구리에서 일산방면 장암대교부터 호원1교구간 호원나들목 건설공사에 따른 방호벽 설치공사로 편도 4개차로중 1개차로 부분통제 *공사기간 : 6월 1일부터 6월 26일까지 (24시간)","B1","공사","2014-06-15","08:10","2014-06-15",127.04822,37.697284,0,0
"487","01148841","42번국도 시흥시 목감지하차도 양방면 지하차도 폐쇄로 통제되고있으니 참고운행하시기 바랍니다. (공사기간 : 4월 15일, 15시부터 10월말까지)","B1","공사","2014-06-15","08:10","2014-06-15",126.866348,37.383509,126.866417,37.383602
"488","01148840","[공사안내] 노들로 여의2교에서 한강대교방면 신길역부근 도시가스관 이설공사로 편도 2개차로중 1개차로 부분통제 *공사기간 : 5월 12일부터 6월 19일까지, 밤 11시부터 다음날 아침 6시까지","B1","공사","2014-06-15","08:09","2014-06-15",126.91351,37.521701,0,0
"489","01148839","[공사안내] 내부순환로 홍지문터널 양방면 배수시설 교체공사로 편도 3개차로중 1개차로 부분통제 *공사기간 : 4월 23일부터 6월 30일까지, 밤 11시부터 다음날 아침 6시까지","B1","공사","2014-06-15","08:09","2014-06-15",126.956715,37.595786,126.956682,37.595928
"490","01148838","[공사안내] 양녕로 한강대교에서 상도역방면 상도터널 보수공사로 편도 2개차로 전면통제후 반대방면으로 교행통행 *공사기간 : 4월 15일부터 6월 23일까지, 밤 11시부터 다음날 아침 6시까지","B1","공사","2014-06-15","08:09","2014-06-15",126.953124,37.510877,0,0
"491","01148837","[공사안내] 신월로 신정네거리역4거리에서 강월초등학교구간 신월지하차도 양방면 평면화공사로 전면통제후 상부도로로 우회통행 *공사기간 : 4월 14일 오전 11시부터 6월 30일까지 (24시간공사)","B1","공사","2014-06-15","08:09","2014-06-15",126.83831,37.516573,126.838251,37.516745
"492","01148836","[공사안내] 과천대로 대공원4거리에서 남태령역방면 남태령지하차도 보수공사로 편도 2개차로 전면통제후 상부도로로 우회통행 *공사기간 : 5월 7일부터 6월 20일까지 (24시간 공사)","B1","공사","2014-06-15","08:08","2014-06-15",126.998,37.442485,0,0
"493","01148835","[행사안내] 세종대로 광화문광장에 모여있던 '2014 하이서울 자전거 대행진' 참가인원들이 출발하였습니다. 세종대로 서울광장을 지나 한강대로 서울역방면으로 진행방향 전차로 막고 이동하고 있으니 코스구간 이용하실분은 참고바랍니다. *코스: 광화문광장→서울역→용산역→한강대교 강변북로진입(한강대교~가양대교)→구룡4거리→월드컵공원→평화의광장)","B2","행사/집회","2014-06-15","08:00","2014-06-15",126.976976,37.567125,0,0
"494","01148834","경부고속도로 (서울 → 부산) 대전나들목부근 3차로와 갓길 도로에 떨어진 화물(건축자재물)을 치우는 작업으로 사고위험","A4","단순정보","2014-06-15","07:53","2014-06-15",127.452434,36.361613,0,0
"495","01148833","[공사안내] 강변북로 가양대교에서 구리방면 성산대교 500m 지난 지점 망원초록길 조성공사중 지하차도 구조물 방수공사로 편도 5개차로중 1개차로 부분통제 *공사기간 : 6월 15일, 오전 7시부터 오후 4시까지","B1","공사","2014-06-15","07:53","2014-06-15",126.899347,37.552942,0,0
"496","01148832","[공사안내] 하남시 조정대로 황산4거리에서 미사리조정경기장방면 황산4거리 800m 지난 지점 열배관공사로 편도 4개차로중 1～2개차로 부분통제 *공사기간 : 6월 18일부터 12월 30일까지, 주간) 오전 9시부터 오후 6시까지, 야간) 밤 10시부터 다음날 아침 6시까지","B1","공사","2014-06-15","07:53","2014-06-15",127.186646,37.550692,0,0
"497","01148831","[공사안내] 삼일대로 퇴계로2가에서 남산1호터널방면 남산1호터널 소화전배관 교체공사로 편도 2개차로중 1개차로 부분통제 *공사기간 : 6월 16일부터 9월 27일까지, 밤 10시 30분부터 다음날 아침 6시 30분까지","B1","공사","2014-06-15","07:52","2014-06-15",126.992796,37.555634,0,0
"498","01148830","[공사안내] 남부순환로 공항입구지하차도 양방면 도로포장공사로 편도 2개차로중 1개차로 부분통제 *공사기간 : 6월 14일부터 6월 15일까지, 밤 11시부터 다음날 아침 6시까지","B1","공사","2014-06-15","07:52","2014-06-15",126.807215,37.561723,126.807035,37.561689
"499","01148829","[공사안내] 분당수서로 탄천2고가교 (양재천구간) 양방면 정밀안전진단 작업으로 편도 3개차로중 1개차로 부분통제 *공사기간 : 6월 16일부터 6월 17일까지, 밤 11시부터 다음날 새벽 5시까지","B1","공사","2014-06-15","07:52","2014-06-15",127.063194,37.521751,127.068051,37.508418
"500","01148828","[공사안내] 서울외곽순환고속도로 구리에서 일산방면 장암대교부터 호원1교구간 호원나들목 건설공사에 따른 방호벽 설치공사로 편도 4개차로중 1개차로 부분통제 *공사기간 : 6월 1일부터 6월 26일까지 (24시간)","B1","공사","2014-06-15","07:51","2014-06-15",127.04822,37.697284,0,0
